experiment,seeds,cv_acc,cv_acc_std,train_acc,params_millions
t4_r18_places_ft,3,95.38,0.22,100.0,11.18
t3_r18_places_linear,3,94.39,0.13,97.1,11.18
t2_r18_imagenet_ft,3,93.25,0.22,99.9,11.18
t1_r18_imagenet_linear,3,90.75,0.25,94.6,11.18
a12_longer,3,86.51,0.65,99.9,1.18
a7_mixcut,3,85.96,0.41,77.4,1.18
a6_res128,3,85.58,0.3,99.0,1.18
a6_res128__lr0.001,3,85.56,0.28,99.1,1.18
a10_se,3,85.51,0.2,99.2,1.2
a6_res128__lr0.003,3,85.5,0.45,98.8,1.18
a9_dropout,3,85.46,0.19,97.5,1.18
a8_label_smoothing,3,85.36,0.82,99.4,1.18
a6_res128__lr0.005,3,84.72,0.13,98.7,1.18
a6_res128__lr0.01,3,84.6,0.28,98.8,1.18
a5_aug,3,83.21,0.34,99.2,1.18
a11_attnpool,3,82.54,0.66,98.9,1.18
a4_adamw__lr0.003_weight_decay0.05,3,80.03,1.06,100.0,1.18
a4_adamw__lr0.003_weight_decay0.0005,3,79.74,0.8,100.0,1.18
a4_adamw__lr0.003_weight_decay0.005,3,79.74,1.02,100.0,1.18
a4_adamw,3,79.74,0.76,100.0,1.18
a3_cosine,3,79.28,0.91,100.0,1.18
a4_adamw__lr0.001_weight_decay0.05,3,78.74,0.4,100.0,1.18
a4_adamw__lr0.001_weight_decay0.0005,3,78.68,0.36,100.0,1.18
a2_epochs,3,78.64,0.79,100.0,1.18
a4_adamw__lr0.001_weight_decay0.005,3,78.54,1.15,100.0,1.18
a4_adamw__lr0.0003_weight_decay0.0005,3,73.4,0.19,100.0,1.18
a4_adamw__lr0.0003_weight_decay0.05,3,72.89,0.25,100.0,1.18
a4_adamw__lr0.0003_weight_decay0.005,3,72.85,0.23,100.0,1.18
a1_simple_cnn,3,68.38,0.26,97.6,1.18
x2_scratch_crop,3,67.94,1.13,98.0,1.18
a0_baseline,3,44.69,1.62,98.8,0.06
